WWW,674575
WWW,675487
WWW,675488
WWW,675489
WWW,675490
WWW,675493
WWW,675497
WWW,675498
WWW,675500
WWW,675501
WWW,675502
WWW,675503
WWW,675504
WWW,675505
WWW,675506
WWW,675507
WWW,675508
WWW,675509
WWW,675510
WWW,675511
WWW,675512
WWW,675513
WWW,675514
WWW,675515
WWW,675516
WWW,675517
WWW,675518
WWW,675519
WWW,675520
WWW,675521
WWW,675522
WWW,675523
WWW,675524
WWW,675525
WWW,675526
WWW,675527
WWW,675528
WWW,675529
WWW,675530
WWW,675531
WWW,675532
WWW,675533
WWW,675534
WWW,675535
WWW,675536
WWW,675537
WWW,675538
WWW,675539
WWW,675540
WWW,675541
WWW,675542
WWW,675543
WWW,675544
WWW,675545
WWW,675546
WWW,675547
WWW,675548
WWW,675549
WWW,675550
WWW,675551
WWW,675552
WWW,675553
WWW,675554
WWW,675555
WWW,675556
WWW,675557
WWW,675558
WWW,675559
WWW,675560
WWW,675561
WWW,675562
WWW,675563
WWW,675564
WWW,675565
WWW,675566
WWW,675567
WWW,675568
WWW,675569
WWW,675570
WWW,675571
WWW,675572
WWW,675573
WWW,675574
WWW,675575
WWW,675576
WWW,675577
WWW,675578
WWW,675579
WWW,675580
WWW,675581
WWW,675582
WWW,675583
WWW,675584
WWW,675585
WWW,675586
WWW,675587
WWW,675588
WWW,675589
WWW,675590
WWW,675591
WWW,675592
WWW,675593
WWW,675594
WWW,675595
WWW,675596
WWW,675597
WWW,675598
WWW,675599
WWW,675600
WWW,675601
WWW,675602
WWW,675603
WWW,675604
WWW,675605
WWW,675606
WWW,675607
WWW,675608
WWW,675609
WWW,675610
WWW,675611
WWW,675612
WWW,675613
WWW,675614
WWW,675615
WWW,675616
WWW,675617
WWW,675618
WWW,675619
WWW,675620
WWW,675621
WWW,675622
WWW,675623
WWW,675624
WWW,675625
WWW,675626
WWW,675627
WWW,675628
WWW,675629
WWW,675630
WWW,675631
WWW,675632
WWW,675633
WWW,675634
WWW,675635
WWW,675636
WWW,675637
WWW,675638
WWW,675639
WWW,675640
WWW,675641
WWW,675642
WWW,675643
WWW,675644
WWW,675645
WWW,675646
WWW,675647
WWW,675648
WWW,675649
WWW,675650
WWW,675651
WWW,675652
WWW,675653
WWW,675654
WWW,675655
WWW,675656
WWW,675657
WWW,675658
WWW,675659
WWW,675660
WWW,675661
WWW,675662
WWW,675663
WWW,675664
WWW,675665
WWW,675666
WWW,675667
WWW,675668
WWW,675669
WWW,675670
WWW,675671
WWW,675672
WWW,675673
WWW,675674
WWW,675675
WWW,675676
WWW,675677
WWW,675678
WWW,675679
WWW,675680
WWW,675681
WWW,675682
WWW,675683
WWW,675684
WWW,675685
WWW,675686
WWW,675687
WWW,675688
WWW,675699
WSDM,710438
WSDM,710439
WSDM,710440
WSDM,710441
WSDM,710442
WSDM,710443
WSDM,710444
WSDM,710445
WSDM,710446
WSDM,710447
WSDM,710448
WSDM,710449
WSDM,710450
WSDM,710451
WSDM,710452
WSDM,710453
WSDM,710454
WSDM,710455
WSDM,710456
WSDM,710457
WSDM,710458
WSDM,710459
WSDM,710460
WSDM,710461
WSDM,710462
WSDM,710463
WSDM,710464
WSDM,710465
WSDM,710466
WSDM,710467
WSDM,710468
WSDM,710472
ICML,1210179
ICML,1210180
ICML,1210181
ICML,1210182
ICML,1210183
ICML,1210184
ICML,1210185
ICML,1210186
ICML,1210187
ICML,1210188
ICML,1210189
ICML,1210190
ICML,1210191
ICML,1210192
ICML,1210193
ICML,1210194
ICML,1210195
ICML,1210196
ICML,1210197
ICML,1210198
ICML,1210199
ICML,1210200
ICML,1210201
ICML,1210202
ICML,1210203
ICML,1210204
ICML,1210205
ICML,1210206
ICML,1210207
ICML,1210208
ICML,1210209
ICML,1210210
ICML,1210211
ICML,1210212
ICML,1210213
ICML,1210214
ICML,1210215
ICML,1210216
ICML,1210217
ICML,1210218
ICML,1210219
ICML,1210220
ICML,1210221
ICML,1210222
ICML,1210223
ICML,1210224
ICML,1210225
ICML,1210226
ICML,1210227
ICML,1210228
ICML,1210229
ICML,1210230
ICML,1210231
ICML,1210232
ICML,1210233
ICML,1210234
ICML,1210235
ICML,1210236
ICML,1210237
ICML,1210238
ICML,1210239
ICML,1210240
ICML,1210241
ICML,1210242
ICML,1210243
ICML,1210244
ICML,1210245
ICML,1210246
ICML,1210247
ICML,1210248
ICML,1210249
ICML,1210250
ICML,1210251
ICML,1210252
ICML,1210253
ICML,1210254
ICML,1210255
ICML,1210256
ICML,1210257
ICML,1210258
ICML,1210259
ICML,1210260
ICML,1210261
ICML,1210262
ICML,1210263
ICML,1210264
ICML,1210265
ICML,1210266
ICML,1210267
ICML,1210268
ICML,1210269
ICML,1210270
ICML,1210271
ICML,1210272
ICML,1210273
ICML,1210274
ICML,1210275
ICML,1210276
ICML,1210277
ICML,1210278
ICML,1210279
ICML,1210280
ICML,1210281
ICML,1210282
ICML,1210283
ICML,1210284
ICML,1210285
ICML,1210286
ICML,1210287
ICML,1210288
ICML,1210289
ICML,1210290
ICML,1210291
ICML,1210292
ICML,1210293
ICML,1210294
ICML,1210295
ICML,1210296
ICML,1210297
ICML,1210298
ICML,1210299
ICML,1210300
ICML,1210301
ICML,1210302
ICML,1210303
ICML,1210304
ICML,1210305
ICML,1210306
ICML,1210307
ICML,1210308
ICML,1210309
ICML,1210310
ICML,1210311
ICML,1210312
ICML,1210313
ICML,1210314
ICML,1210315
ICML,1210316
ICML,1210317
ICML,1210318
ICML,1210319
ICML,1210320
ICML,1210321
ICML,1210322
ICML,1210323
ICML,1210324
ICML,1210325
ICML,1210326
ICML,1210327
ICML,1210328
ICML,1210329
ICML,1210330
ICML,1210331
ICML,1210332
ICML,1210333
ICML,1210334
ICML,1210335
ICML,1210336
ICML,1210337
ICML,1210338
ICML,1210339
ICML,1210340
ICML,1210341
ICML,1210342
ICML,1210343
ICML,1210344
ICML,1210345
ICML,1210346
ICML,1210347
ICML,1210348
ICML,1210349
ICML,1210350
ICML,1210351
ICML,1210352
ICML,1210353
ICML,1210354
ICML,1210355
ICML,1210356
ICML,1210357
ICML,1210358
KDD,1212379
KDD,1212380
KDD,1212381
KDD,1212382
KDD,1212383
KDD,1212384
KDD,1212385
KDD,1212386
KDD,1212387
KDD,1212388
KDD,1212389
KDD,1212390
KDD,1212391
KDD,1212392
KDD,1212393
KDD,1212394
KDD,1212396
KDD,1212397
KDD,1212398
KDD,1212399
KDD,1212400
KDD,1212401
KDD,1212402
KDD,1212403
KDD,1212405
KDD,1212406
KDD,1212407
KDD,1212408
KDD,1212409
KDD,1212410
KDD,1212411
KDD,1212412
KDD,1212413
KDD,1212414
KDD,1212416
KDD,1212417
KDD,1212418
KDD,1212424
KDD,1212425
KDD,1212426
KDD,1212427
KDD,1212428
KDD,1212429
KDD,1212430
KDD,1212431
KDD,1212432
KDD,1212433
KDD,1212434
KDD,1212435
KDD,1212436
KDD,1212437
KDD,1212438
KDD,1212439
KDD,1212440
KDD,1212441
KDD,1212442
KDD,1212443
KDD,1212444
KDD,1212445
KDD,1212446
KDD,1212447
KDD,1212448
KDD,1212449
KDD,1212450
KDD,1212451
KDD,1212452
KDD,1212453
KDD,1212454
KDD,1212455
KDD,1212456
KDD,1212457
KDD,1212458
KDD,1212459
KDD,1212460
KDD,1212461
KDD,1212462
KDD,1212463
KDD,1212464
KDD,1212465
KDD,1212466
KDD,1212467
KDD,1212468
KDD,1212469
KDD,1212470
KDD,1212471
KDD,1212472
KDD,1212473
KDD,1212474
KDD,1212475
KDD,1212476
KDD,1212477
KDD,1212478
KDD,1212479
KDD,1212480
KDD,1212481
KDD,1212482
KDD,1212483
KDD,1212484
KDD,1212485
KDD,1212486
KDD,1212487
KDD,1212488
KDD,1212489
KDD,1212490
KDD,1212491
KDD,1212492
KDD,1212493
KDD,1212494
KDD,1212495
KDD,1212496
KDD,1212497
KDD,1212498
KDD,1212499
KDD,1212500
KDD,1212501
KDD,1212502
KDD,1212503
KDD,1212504
KDD,1212505
KDD,1212506
KDD,1212507
KDD,1212508
KDD,1212509
KDD,1212510
KDD,1212511
KDD,1212512
KDD,1212513
KDD,1212514
KDD,1212515
KDD,1212516
KDD,1212517
KDD,1212518
KDD,1212519
KDD,1212520
KDD,1212521
KDD,1212522
KDD,1212523
KDD,1212524
KDD,1212525
KDD,1212526
KDD,1212527
KDD,1212528
KDD,1212529
KDD,1212530
KDD,1212531
SIGMOD Conference,1214127
SIGMOD Conference,1214128
SIGMOD Conference,1214129
SIGMOD Conference,1214130
SIGMOD Conference,1214131
SIGMOD Conference,1214132
SIGMOD Conference,1214133
SIGMOD Conference,1214134
SIGMOD Conference,1214135
SIGMOD Conference,1214136
SIGMOD Conference,1214137
SIGMOD Conference,1214138
SIGMOD Conference,1214139
SIGMOD Conference,1214140
SIGMOD Conference,1214141
SIGMOD Conference,1214142
SIGMOD Conference,1214143
SIGMOD Conference,1214144
SIGMOD Conference,1214145
SIGMOD Conference,1214146
SIGMOD Conference,1214147
SIGMOD Conference,1214148
SIGMOD Conference,1214149
SIGMOD Conference,1214150
SIGMOD Conference,1214151
SIGMOD Conference,1214152
SIGMOD Conference,1214153
SIGMOD Conference,1214154
SIGMOD Conference,1214155
SIGMOD Conference,1214156
SIGMOD Conference,1214157
SIGMOD Conference,1214158
SIGMOD Conference,1214159
SIGMOD Conference,1214160
SIGMOD Conference,1214161
SIGMOD Conference,1214162
SIGMOD Conference,1214163
SIGMOD Conference,1214164
SIGMOD Conference,1214165
SIGMOD Conference,1214166
SIGMOD Conference,1214167
SIGMOD Conference,1214168
SIGMOD Conference,1214169
SIGMOD Conference,1214170
SIGMOD Conference,1214171
SIGMOD Conference,1214172
SIGMOD Conference,1214173
SIGMOD Conference,1214174
SIGMOD Conference,1214175
SIGMOD Conference,1214176
SIGMOD Conference,1214177
SIGMOD Conference,1214178
SIGMOD Conference,1214179
SIGMOD Conference,1214180
SIGMOD Conference,1214181
SIGMOD Conference,1214182
SIGMOD Conference,1214183
SIGMOD Conference,1214184
SIGMOD Conference,1214185
SIGMOD Conference,1214186
SIGMOD Conference,1214187
SIGMOD Conference,1214188
SIGMOD Conference,1214189
SIGMOD Conference,1214190
SIGMOD Conference,1214191
SIGMOD Conference,1214192
SIGMOD Conference,1214193
SIGMOD Conference,1214194
SIGMOD Conference,1214195
SIGMOD Conference,1214196
SIGMOD Conference,1214197
SIGMOD Conference,1214198
SIGMOD Conference,1214199
SIGMOD Conference,1214200
SIGMOD Conference,1214201
SIGMOD Conference,1214202
SIGMOD Conference,1214203
SIGMOD Conference,1214204
SIGMOD Conference,1214205
SIGMOD Conference,1214206
SIGMOD Conference,1214207
SIGMOD Conference,1214208
SIGMOD Conference,1214209
SIGMOD Conference,1214210
SIGMOD Conference,1214211
SIGMOD Conference,1214212
SIGMOD Conference,1214213
SIGMOD Conference,1214214
SIGMOD Conference,1214215
SIGMOD Conference,1214216
SIGMOD Conference,1214217
SIGMOD Conference,1214218
SIGMOD Conference,1214219
SIGMOD Conference,1214220
SIGMOD Conference,1214221
SIGMOD Conference,1214222
SIGMOD Conference,1214223
SIGMOD Conference,1214224
SIGMOD Conference,1214225
SIGMOD Conference,1214226
SIGMOD Conference,1214227
SIGMOD Conference,1214228
SIGMOD Conference,1214229
SIGMOD Conference,1214230
SIGMOD Conference,1214231
SIGMOD Conference,1214232
SIGMOD Conference,1214233
SIGMOD Conference,1214234
SIGMOD Conference,1214235
SIGMOD Conference,1214236
SIGMOD Conference,1214237
SIGMOD Conference,1214238
SIGMOD Conference,1214239
SIGMOD Conference,1214240
SIGMOD Conference,1214241
SIGMOD Conference,1214242
SIGMOD Conference,1214243
SIGMOD Conference,1214244
SIGMOD Conference,1214245
SIGMOD Conference,1214246
SIGMOD Conference,1214247
SIGMOD Conference,1214248
SIGMOD Conference,1214249
SIGMOD Conference,1214250
CVPR,1304740
CVPR,1304741
CVPR,1304742
CVPR,1304743
CVPR,1304744
CVPR,1304745
CVPR,1304746
CVPR,1304747
CVPR,1304748
CVPR,1304749
CVPR,1304750
CVPR,1304751
CVPR,1304752
CVPR,1304753
CVPR,1304754
CVPR,1304755
CVPR,1304756
CVPR,1304757
CVPR,1304758
CVPR,1304759
CVPR,1304760
CVPR,1304761
CVPR,1304762
CVPR,1304763
CVPR,1304764
CVPR,1304765
CVPR,1304766
CVPR,1304767
CVPR,1304768
CVPR,1304769
CVPR,1304770
CVPR,1304771
CVPR,1304772
CVPR,1304773
CVPR,1304774
CVPR,1304775
CVPR,1304776
CVPR,1304777
CVPR,1304778
CVPR,1304779
CVPR,1304780
CVPR,1304781
CVPR,1304782
CVPR,1304783
CVPR,1304784
CVPR,1304785
CVPR,1304786
CVPR,1304787
CVPR,1304788
CVPR,1304789
CVPR,1304790
CVPR,1304791
CVPR,1304792
CVPR,1304793
CVPR,1304794
CVPR,1304795
CVPR,1304796
CVPR,1304797
CVPR,1304798
CVPR,1304799
CVPR,1304800
CVPR,1304801
CVPR,1304802
CVPR,1304803
CVPR,1304804
CVPR,1304805
CVPR,1304806
CVPR,1304807
CVPR,1304808
CVPR,1304809
CVPR,1304810
CVPR,1304811
CVPR,1304812
CVPR,1304813
CVPR,1304814
CVPR,1304815
CVPR,1304816
CVPR,1304817
CVPR,1304818
CVPR,1304819
CVPR,1304820
CVPR,1304821
CVPR,1304822
CVPR,1304823
CVPR,1304824
CVPR,1304825
CVPR,1304826
CVPR,1304827
CVPR,1304828
CVPR,1304829
CVPR,1304830
CVPR,1304831
CVPR,1304832
CVPR,1304833
CVPR,1304834
CVPR,1304835
CVPR,1304836
CVPR,1304837
CVPR,1304838
CVPR,1304839
CVPR,1304840
CVPR,1304841
CVPR,1304842
CVPR,1304843
CVPR,1304844
CVPR,1304845
CVPR,1304846
CVPR,1304847
CVPR,1304848
CVPR,1304849
CVPR,1304850
CVPR,1304851
CVPR,1304852
CVPR,1304853
CVPR,1304854
CVPR,1304855
CVPR,1304856
CVPR,1304857
CVPR,1304858
CVPR,1304859
CVPR,1304860
CVPR,1304861
CVPR,1304862
CVPR,1304863
CVPR,1304864
CVPR,1304865
CVPR,1304866
CVPR,1304867
CVPR,1304868
CVPR,1304869
CVPR,1304870
CVPR,1304871
CVPR,1304872
CVPR,1304873
CVPR,1304874
CVPR,1304875
CVPR,1304876
CVPR,1304877
CVPR,1304878
CVPR,1304879
CVPR,1304880
CVPR,1304881
CVPR,1304882
CVPR,1304883
CVPR,1304884
CVPR,1304885
CVPR,1304886
CVPR,1304887
CVPR,1304888
CVPR,1304889
CVPR,1304890
CVPR,1304891
CVPR,1304892
CVPR,1304893
CVPR,1304894
CVPR,1304895
CVPR,1304896
CVPR,1304897
CVPR,1304898
CVPR,1304899
CVPR,1304900
CVPR,1304901
CVPR,1304902
CVPR,1304903
CVPR,1304904
CVPR,1304905
CVPR,1304906
CVPR,1304907
CVPR,1304908
CVPR,1304909
CVPR,1304910
CVPR,1304911
CVPR,1304912
CVPR,1304913
CVPR,1304914
CVPR,1304915
CVPR,1304916
CVPR,1304917
CVPR,1304918
CVPR,1304919
CVPR,1304920
CVPR,1304921
CVPR,1304922
CVPR,1304923
CVPR,1304924
CVPR,1304925
CVPR,1304926
CVPR,1304927
CVPR,1304928
CVPR,1304929
CVPR,1304930
CVPR,1304931
CVPR,1304932
CVPR,1304933
CVPR,1304934
CVPR,1304935
CVPR,1304936
CVPR,1304937
CVPR,1304938
CVPR,1304939
CVPR,1304940
CVPR,1304941
CVPR,1304942
CVPR,1304943
CVPR,1304944
CVPR,1304945
CVPR,1304946
CVPR,1304947
CVPR,1304948
CVPR,1304949
CVPR,1304950
CVPR,1304951
CVPR,1304952
CVPR,1304953
CVPR,1304954
CVPR,1304955
CVPR,1304956
CVPR,1304957
CVPR,1304958
CVPR,1304959
CVPR,1304960
CVPR,1304961
CVPR,1304962
CVPR,1304963
CVPR,1304964
CVPR,1304965
CVPR,1304966
CVPR,1304967
CVPR,1304968
CVPR,1304969
CVPR,1304970
CVPR,1304971
CVPR,1304972
CVPR,1304973
CVPR,1304974
CVPR,1304975
CVPR,1304976
CVPR,1304977
CVPR,1304978
CVPR,1304979
CVPR,1304980
CVPR,1304981
CVPR,1304982
CVPR,1304983
CVPR,1304984
CVPR,1304985
CVPR,1304986
CVPR,1304987
CVPR,1304988
CVPR,1304989
CVPR,1304990
CVPR,1304991
CVPR,1304992
CVPR,1304993
CVPR,1304994
CVPR,1304995
CVPR,1304996
CVPR,1304997
CVPR,1304998
CVPR,1304999
CVPR,1305000
CVPR,1305001
CVPR,1305002
CVPR,1305003
CVPR,1305004
CVPR,1305005
CVPR,1305006
CVPR,1305007
CVPR,1305008
CVPR,1305009
CVPR,1305010
CVPR,1305011
CVPR,1305012
CVPR,1305013
CVPR,1305014
CVPR,1305015
CVPR,1305016
CVPR,1305017
CVPR,1305018
CVPR,1305019
CVPR,1305020
CVPR,1305021
CVPR,1305022
CVPR,1305023
CVPR,1305024
CVPR,1305025
CVPR,1305026
CVPR,1305027
CVPR,1305028
CVPR,1305029
CVPR,1305030
CVPR,1305031
CVPR,1305032
CVPR,1305033
CVPR,1305034
CVPR,1305035
CVPR,1305036
CVPR,1305037
CVPR,1305038
CVPR,1305039
CVPR,1305040
CVPR,1305041
CVPR,1305042
CVPR,1305043
CVPR,1305044
CVPR,1305045
CVPR,1305046
CVPR,1305047
CVPR,1305048
CVPR,1305049
CVPR,1305050
CVPR,1305051
CVPR,1305052
CVPR,1305053
CVPR,1305054
CVPR,1305055
CVPR,1305056
CVPR,1305057
CVPR,1305058
CVPR,1305059
CVPR,1305060
CVPR,1305061
CVPR,1305062
CVPR,1305063
CVPR,1305064
CVPR,1305065
CVPR,1305066
CVPR,1305067
CVPR,1305068
CVPR,1305069
CVPR,1305070
CVPR,1305071
CVPR,1305072
CVPR,1305073
CVPR,1305074
CVPR,1305075
CVPR,1305076
CVPR,1305077
CVPR,1305078
CVPR,1305079
CVPR,1305080
CVPR,1305081
CVPR,1305082
CVPR,1305083
CVPR,1305084
CVPR,1305085
CVPR,1305086
CVPR,1305087
CVPR,1305088
CVPR,1305089
CVPR,1305090
CVPR,1305091
CVPR,1305092
CVPR,1305093
CVPR,1305094
CVPR,1305095
CVPR,1305096
CVPR,1305097
CVPR,1305098
CVPR,1305099
CVPR,1305100
CVPR,1305101
CVPR,1305102
CVPR,1305103
CVPR,1305104
CVPR,1305105
CVPR,1305106
CVPR,1305107
CVPR,1305108
CVPR,1305109
CVPR,1305110
CVPR,1305111
CVPR,1305112
CVPR,1305113
CVPR,1305114
CVPR,1305115
CVPR,1305116
CVPR,1305117
CVPR,1305118
CVPR,1305119
CVPR,1305120
CVPR,1305121
WSDM,1326475
WSDM,1326493
WSDM,1326484
WSDM,1326466
WSDM,1326488
WSDM,1326453
WSDM,1326492
WSDM,1326485
WSDM,1326452
WSDM,1326463
WSDM,1326449
WSDM,1326491
WSDM,1326451
WSDM,1326487
WSDM,1326464
WSDM,1326478
WSDM,1326479
WSDM,1326490
WSDM,1326477
WSDM,1326486
WSDM,1326450
WSDM,1326461
WSDM,1326468
WSDM,1326489
WSDM,1326480
WSDM,1326462
WSDM,1326456
WSDM,1326481
WSDM,1326467
WSDM,1326460
WSDM,1326474
WSDM,1326473
WSDM,1326455
WSDM,1326470
WSDM,1326459
WSDM,1326469
WSDM,1326472
WSDM,1326465
WSDM,1326482
WSDM,1326454
WSDM,1326458
WSDM,1326476
WSDM,1326471
WSDM,1326483
WSDM,1326457
AAAI,2773759
AAAI,2773771
AAAI,2773833
AAAI,2773821
AAAI,2773782
AAAI,2773753
AAAI,2773814
AAAI,2773716
AAAI,2773755
AAAI,2773797
AAAI,2773744
AAAI,2773843
AAAI,2773877
AAAI,2773735
AAAI,2773780
AAAI,2773857
AAAI,2773741
AAAI,2773770
AAAI,2773758
AAAI,2773734
AAAI,2773858
AAAI,2773813
AAAI,2773834
AAAI,2773850
AAAI,2773822
AAAI,2773777
AAAI,2773798
AAAI,2773709
AAAI,2773757
AAAI,2773807
AAAI,2773878
AAAI,2773844
AAAI,2773863
AAAI,2773756
AAAI,2773718
AAAI,2773793
AAAI,2773728
AAAI,2773715
AAAI,2773808
AAAI,2773784
AAAI,2773820
AAAI,2773849
AAAI,2773742
AAAI,2773769
AAAI,2773733
AAAI,2773864
AAAI,2773791
AAAI,2773708
AAAI,2773778
AAAI,2773830
AAAI,2773873
AAAI,2773847
AAAI,2773747
AAAI,2773764
AAAI,2773854
AAAI,2773866
AAAI,2773774
AAAI,2773767
AAAI,2773827
AAAI,2773785
AAAI,2773719
AAAI,2773837
AAAI,2773783
AAAI,2773872
AAAI,2773819
AAAI,2773720
AAAI,2773810
AAAI,2773838
AAAI,2773727
AAAI,2773749
AAAI,2773828
AAAI,2773714
AAAI,2773803
AAAI,2773729
AAAI,2773721
AAAI,2773740
AAAI,2773809
AAAI,2773768
AAAI,2773773
AAAI,2773750
AAAI,2773829
AAAI,2773853
AAAI,2773786
AAAI,2773792
AAAI,2773763
AAAI,2773712
AAAI,2773865
AAAI,2773726
AAAI,2773874
AAAI,2773713
AAAI,2773748
AAAI,2773832
AAAI,2773804
AAAI,2773739
AAAI,2773848
AAAI,2773871
AAAI,2773730
AAAI,2773839
AAAI,2773738
AAAI,2773745
AAAI,2773723
AAAI,2773812
AAAI,2773765
AAAI,2773762
AAAI,2773825
AAAI,2773868
AAAI,2773776
AAAI,2773790
AAAI,2773751
AAAI,2773881
AAAI,2773831
AAAI,2773787
AAAI,2773789
AAAI,2773801
AAAI,2773875
AAAI,2773840
AAAI,2773856
AAAI,2773835
AAAI,2773775
AAAI,2773842
AAAI,2773826
AAAI,2773731
AAAI,2773876
AAAI,2773737
AAAI,2773845
AAAI,2773846
AAAI,2773802
AAAI,2773817
AAAI,2773746
AAAI,2773766
AAAI,2773867
AAAI,2773869
AAAI,2773823
AAAI,2773788
AAAI,2773752
AAAI,2773722
AAAI,2773811
AAAI,2773796
AAAI,2773855
AAAI,2773816
AAAI,2773795
AAAI,2773710
AAAI,2773799
AAAI,2773824
AAAI,2773806
AAAI,2773859
AAAI,2773862
AAAI,2773852
AAAI,2773732
AAAI,2773836
AAAI,2773879
AAAI,2773717
AAAI,2773880
AAAI,2773772
AAAI,2773779
AAAI,2773805
AAAI,2773761
AAAI,2773781
AAAI,2773815
AAAI,2773754
AAAI,2773818
AAAI,2773861
AAAI,2773841
AAAI,2773760
AAAI,2773851
AAAI,2773711
AAAI,2773725
AAAI,2773794
AAAI,2773743
AAAI,2773860
AAAI,2773870
AAAI,2773736
AAAI,2773800
AAAI,2773724
AAAI,2773888
AAAI,2773940
AAAI,2773909
AAAI,2773898
AAAI,2773951
AAAI,2773992
AAAI,2773907
AAAI,2774012
AAAI,2773945
AAAI,2773974
AAAI,2773993
AAAI,2773999
AAAI,2773939
AAAI,2774016
AAAI,2773902
AAAI,2773975
AAAI,2773964
AAAI,2773914
AAAI,2773942
AAAI,2774015
AAAI,2773887
AAAI,2774001
AAAI,2773952
AAAI,2773917
AAAI,2773953
AAAI,2773998
AAAI,2773966
AAAI,2773929
AAAI,2773938
AAAI,2774005
AAAI,2773924
AAAI,2773915
AAAI,2773991
AAAI,2773901
AAAI,2773959
AAAI,2773900
AAAI,2773990
AAAI,2773911
AAAI,2773977
AAAI,2773936
AAAI,2773918
AAAI,2773944
AAAI,2773976
AAAI,2773967
AAAI,2773894
AAAI,2773958
AAAI,2774014
AAAI,2773930
AAAI,2773937
AAAI,2773986
AAAI,2773972
AAAI,2774000
AAAI,2773890
AAAI,2773931
AAAI,2773893
AAAI,2773928
AAAI,2773957
AAAI,2773908
AAAI,2773919
AAAI,2773883
AAAI,2773954
AAAI,2773910
AAAI,2773985
AAAI,2773979
AAAI,2773947
AAAI,2774006
AAAI,2774013
AAAI,2773913
AAAI,2773895
AAAI,2773989
AAAI,2774004
AAAI,2773932
AAAI,2773965
AAAI,2773884
AAAI,2773955
AAAI,2773987
AAAI,2773882
AAAI,2773889
AAAI,2773892
AAAI,2773996
AAAI,2774020
AAAI,2773920
AAAI,2773921
AAAI,2773896
AAAI,2773897
AAAI,2773956
AAAI,2774007
AAAI,2773997
AAAI,2773941
AAAI,2773971
AAAI,2773984
AAAI,2773946
AAAI,2773961
AAAI,2773978
AAAI,2774008
AAAI,2773935
AAAI,2773949
AAAI,2773988
AAAI,2773912
AAAI,2774002
AAAI,2773948
AAAI,2773973
AAAI,2773983
AAAI,2773934
AAAI,2773962
AAAI,2773891
AAAI,2773980
AAAI,2774019
AAAI,2773970
AAAI,2774010
AAAI,2773995
AAAI,2774017
AAAI,2773925
AAAI,2773969
AAAI,2773933
AAAI,2773926
AAAI,2773905
AAAI,2773886
AAAI,2773904
AAAI,2773923
AAAI,2773982
AAAI,2773981
AAAI,2773916
AAAI,2773968
AAAI,2774003
AAAI,2774009
AAAI,2773963
AAAI,2773899
AAAI,2774021
AAAI,2774018
AAAI,2773994
AAAI,2773906
AAAI,2774011
AAAI,2773927
AAAI,2773943
AAAI,2773950
AAAI,2773922
AAAI,2773885
AAAI,2773903
AAAI,2773960
CVPR,2781997
ICML,2796088
ICML,2796039
ICML,2796127
ICML,2796060
ICML,2796030
ICML,2796057
ICML,2796164
ICML,2796063
ICML,2796048
ICML,2796121
ICML,2796021
ICML,2796130
ICML,2796042
ICML,2796075
ICML,2796040
ICML,2796109
ICML,2796078
ICML,2796068
ICML,2796114
ICML,2796165
ICML,2796174
ICML,2796145
ICML,2796158
ICML,2796099
ICML,2796134
ICML,2796155
ICML,2796055
ICML,2796047
ICML,2796124
ICML,2796119
ICML,2796058
ICML,2796029
ICML,2796041
ICML,2796113
ICML,2796108
ICML,2796166
ICML,2796176
ICML,2796173
ICML,2796182
ICML,2796163
ICML,2796096
ICML,2796137
ICML,2796110
ICML,2796077
ICML,2796046
ICML,2796037
ICML,2796072
ICML,2796125
ICML,2796120
ICML,2796167
ICML,2796066
ICML,2796044
ICML,2796091
ICML,2796123
ICML,2796032
ICML,2796161
ICML,2796069
ICML,2796093
ICML,2796023
ICML,2796116
ICML,2796156
ICML,2796175
ICML,2796079
ICML,2796105
ICML,2796142
ICML,2796117
ICML,2796140
ICML,2796045
ICML,2796038
ICML,2796024
ICML,2796086
ICML,2796031
ICML,2796043
ICML,2796128
ICML,2796115
ICML,2796118
ICML,2796154
ICML,2796147
ICML,2796062
ICML,2796071
ICML,2796074
ICML,2796168
ICML,2796080
ICML,2796053
ICML,2796107
ICML,2796159
ICML,2796162
ICML,2796181
ICML,2796177
ICML,2796172
ICML,2796153
ICML,2796033
ICML,2796051
ICML,2796095
ICML,2796126
ICML,2796089
ICML,2796056
ICML,2796082
ICML,2796052
ICML,2796138
ICML,2796034
ICML,2796151
ICML,2796178
ICML,2796171
ICML,2796141
ICML,2796144
ICML,2796102
ICML,2796092
ICML,2796027
ICML,2796090
ICML,2796087
ICML,2796170
ICML,2796076
ICML,2796067
ICML,2796064
ICML,2796036
ICML,2796131
ICML,2796054
ICML,2796101
ICML,2796100
ICML,2796026
ICML,2796143
ICML,2796081
ICML,2796146
ICML,2796132
ICML,2796049
ICML,2796157
ICML,2796073
ICML,2796111
ICML,2796135
ICML,2796133
ICML,2796061
ICML,2796152
ICML,2796169
ICML,2796028
ICML,2796098
ICML,2796035
ICML,2796059
ICML,2796179
ICML,2796025
ICML,2796097
ICML,2796084
ICML,2796070
ICML,2796085
ICML,2796083
ICML,2796050
ICML,2796180
ICML,2796122
ICML,2796065
ICML,2796104
ICML,2796112
ICML,2796160
ICML,2796139
ICML,2796148
ICML,2796150
ICML,2796094
ICML,2796129
ICML,2796136
ICML,2796149
ICML,2796106
ICML,2796103
KDD,2805412
KDD,2805465
KDD,2805352
KDD,2805349
KDD,2805466
KDD,2805422
KDD,2805416
KDD,2805423
KDD,2805398
KDD,2805472
KDD,2805430
KDD,2805459
KDD,2805453
KDD,2805395
KDD,2805439
KDD,2805434
KDD,2805396
KDD,2805461
KDD,2805473
KDD,2805452
KDD,2805403
KDD,2805370
KDD,2805353
KDD,2805389
KDD,2805424
KDD,2805381
KDD,2805415
KDD,2805350
KDD,2805372
KDD,2805401
KDD,2805440
KDD,2805411
KDD,2805359
KDD,2805386
KDD,2805425
KDD,2805404
KDD,2805454
KDD,2805451
KDD,2805437
KDD,2805351
KDD,2805373
KDD,2805387
KDD,2805463
KDD,2805414
KDD,2805410
KDD,2805445
KDD,2805427
KDD,2805464
KDD,2805384
KDD,2805375
KDD,2805455
KDD,2805418
KDD,2805393
KDD,2805366
KDD,2805474
KDD,2805362
KDD,2805357
KDD,2805432
KDD,2805431
KDD,2805380
KDD,2805426
KDD,2805402
KDD,2805438
KDD,2805456
KDD,2805385
KDD,2805392
KDD,2805462
KDD,2805475
KDD,2805367
KDD,2805419
KDD,2805338
KDD,2805356
KDD,2805409
KDD,2805420
KDD,2805374
KDD,2805363
KDD,2805449
KDD,2805429
KDD,2805469
KDD,2805476
KDD,2805391
KDD,2805382
KDD,2805355
KDD,2805435
KDD,2805444
KDD,2805458
KDD,2805457
KDD,2805408
KDD,2805399
KDD,2805477
KDD,2805421
KDD,2805443
KDD,2805383
KDD,2805428
KDD,2805365
KDD,2805377
KDD,2805379
KDD,2805376
KDD,2805448
KDD,2805436
KDD,2805378
KDD,2805450
KDD,2805433
KDD,2805407
KDD,2805470
KDD,2805468
KDD,2805447
KDD,2805400
KDD,2805343
KDD,2805390
KDD,2805406
KDD,2805413
KDD,2805369
KDD,2805417
KDD,2805405
KDD,2805467
KDD,2805388
KDD,2805471
KDD,2805361
KDD,2805441
KDD,2805358
KDD,2805460
KDD,2805371
KDD,2805397
KDD,2805446
KDD,2805442
KDD,2805394
SIGMOD Conference,2814702
SIGMOD Conference,2814672
SIGMOD Conference,2814771
SIGMOD Conference,2814669
SIGMOD Conference,2814692
SIGMOD Conference,2814743
SIGMOD Conference,2814640
SIGMOD Conference,2814764
SIGMOD Conference,2814653
SIGMOD Conference,2814668
SIGMOD Conference,2814720
SIGMOD Conference,2814730
SIGMOD Conference,2814752
SIGMOD Conference,2814681
SIGMOD Conference,2814772
SIGMOD Conference,2814658
SIGMOD Conference,2814721
SIGMOD Conference,2814693
SIGMOD Conference,2814694
SIGMOD Conference,2814708
SIGMOD Conference,2814766
SIGMOD Conference,2814765
SIGMOD Conference,2814780
SIGMOD Conference,2814667
SIGMOD Conference,2814652
SIGMOD Conference,2814744
SIGMOD Conference,2814699
SIGMOD Conference,2814727
SIGMOD Conference,2814758
SIGMOD Conference,2814736
SIGMOD Conference,2814751
SIGMOD Conference,2814659
SIGMOD Conference,2814779
SIGMOD Conference,2814680
SIGMOD Conference,2814714
SIGMOD Conference,2814675
SIGMOD Conference,2814701
SIGMOD Conference,2814686
SIGMOD Conference,2814773
SIGMOD Conference,2814722
SIGMOD Conference,2814679
SIGMOD Conference,2814759
SIGMOD Conference,2814768
SIGMOD Conference,2814666
SIGMOD Conference,2814750
SIGMOD Conference,2814735
SIGMOD Conference,2814707
SIGMOD Conference,2814778
SIGMOD Conference,2814729
SIGMOD Conference,2814646
SIGMOD Conference,2814733
SIGMOD Conference,2814734
SIGMOD Conference,2814742
SIGMOD Conference,2814749
SIGMOD Conference,2814705
SIGMOD Conference,2814687
SIGMOD Conference,2814678
SIGMOD Conference,2814760
SIGMOD Conference,2814696
SIGMOD Conference,2814655
SIGMOD Conference,2814673
SIGMOD Conference,2814767
SIGMOD Conference,2814706
SIGMOD Conference,2814770
SIGMOD Conference,2814757
SIGMOD Conference,2814676
SIGMOD Conference,2814665
SIGMOD Conference,2814713
SIGMOD Conference,2814685
SIGMOD Conference,2814741
SIGMOD Conference,2814695
SIGMOD Conference,2814715
SIGMOD Conference,2814724
SIGMOD Conference,2814647
SIGMOD Conference,2814726
SIGMOD Conference,2814776
SIGMOD Conference,2814762
SIGMOD Conference,2814716
SIGMOD Conference,2814698
SIGMOD Conference,2814677
SIGMOD Conference,2814761
SIGMOD Conference,2814688
SIGMOD Conference,2814654
SIGMOD Conference,2814747
SIGMOD Conference,2814703
SIGMOD Conference,2814756
SIGMOD Conference,2814684
SIGMOD Conference,2814712
SIGMOD Conference,2814657
SIGMOD Conference,2814754
SIGMOD Conference,2814648
SIGMOD Conference,2814723
SIGMOD Conference,2814784
SIGMOD Conference,2814690
SIGMOD Conference,2814717
SIGMOD Conference,2814718
SIGMOD Conference,2814740
SIGMOD Conference,2814689
SIGMOD Conference,2814769
SIGMOD Conference,2814670
SIGMOD Conference,2814777
SIGMOD Conference,2814649
SIGMOD Conference,2814683
SIGMOD Conference,2814704
SIGMOD Conference,2814656
SIGMOD Conference,2814783
SIGMOD Conference,2814732
SIGMOD Conference,2814748
SIGMOD Conference,2814745
SIGMOD Conference,2814774
SIGMOD Conference,2814731
SIGMOD Conference,2814755
SIGMOD Conference,2814711
SIGMOD Conference,2814782
SIGMOD Conference,2814663
SIGMOD Conference,2814651
SIGMOD Conference,2814697
SIGMOD Conference,2814642
SIGMOD Conference,2814682
SIGMOD Conference,2814660
SIGMOD Conference,2814725
SIGMOD Conference,2814671
SIGMOD Conference,2814641
SIGMOD Conference,2814746
SIGMOD Conference,2814691
SIGMOD Conference,2814775
SIGMOD Conference,2814763
SIGMOD Conference,2814700
SIGMOD Conference,2814739
SIGMOD Conference,2814710
SIGMOD Conference,2814753
SIGMOD Conference,2814781
SIGMOD Conference,2814662
SIGMOD Conference,2814709
SIGMOD Conference,2814643
SIGMOD Conference,2814650
SIGMOD Conference,2814719
SIGMOD Conference,2814728
SIGMOD Conference,2814661
SIGMOD Conference,2814738
SIGMOD Conference,2814737
WWW,2819935
WWW,2819958
WWW,2819960
WWW,2819902
WWW,2819923
WWW,2819950
WWW,2819961
WWW,2819943
WWW,2819933
WWW,2819905
WWW,2819912
WWW,2819932
WWW,2819900
WWW,2819901
WWW,2819920
WWW,2819915
WWW,2819906
WWW,2819952
WWW,2819938
WWW,2819914
WWW,2819927
WWW,2819941
WWW,2819908
WWW,2819907
WWW,2819917
WWW,2819921
WWW,2819955
WWW,2819893
WWW,2819944
WWW,2819939
WWW,2819918
WWW,2819926
WWW,2819888
WWW,2819899
WWW,2819890
WWW,2819909
WWW,2819949
WWW,2819916
WWW,2819947
WWW,2819954
WWW,2819957
WWW,2819936
WWW,2819898
WWW,2819891
WWW,2819919
WWW,2819929
WWW,2819928
WWW,2819924
WWW,2819946
WWW,2819942
WWW,2819937
WWW,2819951
WWW,2819956
WWW,2819925
WWW,2819897
WWW,2819931
WWW,2819911
WWW,2819945
WWW,2819934
WWW,2819910
WWW,2819948
WWW,2819896
WWW,2819922
WWW,2819959
WWW,2819903
WWW,2819930
WWW,2819913
WWW,2819953
WWW,2819940
WWW,2820112
WWW,2819996
WWW,2820094
WWW,2820076
WWW,2819989
WWW,2820007
WWW,2820033
WWW,2820052
WWW,2820066
WWW,2820085
WWW,2820024
WWW,2820056
WWW,2820105
WWW,2820057
WWW,2820042
WWW,2819997
WWW,2820067
WWW,2820025
WWW,2820035
WWW,2820014
WWW,2819999
WWW,2820004
WWW,2819983
WWW,2820131
WWW,2820120
WWW,2820135
WWW,2820027
WWW,2820041
WWW,2820102
WWW,2820084
WWW,2820046
WWW,2819988
WWW,2820077
WWW,2820053
WWW,2820032
WWW,2819974
WWW,2819969
WWW,2820013
WWW,2820018
WWW,2819990
WWW,2820126
WWW,2820097
WWW,2820088
WWW,2820121
WWW,2820095
WWW,2820040
WWW,2820012
WWW,2820118
WWW,2820069
WWW,2820074
WWW,2819980
WWW,2820005
WWW,2819991
WWW,2820055
WWW,2820083
WWW,2820026
WWW,2820019
WWW,2820060
WWW,2819966
WWW,2820110
WWW,2819967
WWW,2820132
WWW,2820129
WWW,2820096
WWW,2819998
WWW,2820111
WWW,2820054
WWW,2819977
WWW,2820082
WWW,2819982
WWW,2819992
WWW,2820001
WWW,2820020
WWW,2820068
WWW,2819972
WWW,2820090
WWW,2820061
WWW,2820124
WWW,2820099
WWW,2820029
WWW,2820108
WWW,2820117
WWW,2820119
WWW,2820048
WWW,2820080
WWW,2820047
WWW,2820089
WWW,2820127
WWW,2820071
WWW,2819975
WWW,2820038
WWW,2820062
WWW,2819993
WWW,2819985
WWW,2820049
WWW,2820021
WWW,2819964
WWW,2820091
WWW,2820116
WWW,2819970
WWW,2820081
WWW,2820134
WWW,2820010
WWW,2820028
WWW,2820098
WWW,2820036
WWW,2820109
WWW,2819965
WWW,2820000
WWW,2820011
WWW,2820063
WWW,2820070
WWW,2820039
WWW,2819979
WWW,2819962
WWW,2819994
WWW,2820050
WWW,2820115
WWW,2820078
WWW,2819984
WWW,2819987
WWW,2820045
WWW,2820064
WWW,2820017
WWW,2820059
WWW,2820003
WWW,2820022
WWW,2820008
WWW,2820073
WWW,2820037
WWW,2820031
WWW,2820101
WWW,2820125
WWW,2820106
WWW,2820087
WWW,2820092
WWW,2820130
WWW,2820107
WWW,2820058
WWW,2820009
WWW,2820016
WWW,2820051
WWW,2819976
WWW,2820072
WWW,2820093
WWW,2819986
WWW,2820002
WWW,2820023
WWW,2819981
WWW,2819973
WWW,2820114
WWW,2820065
WWW,2820034
WWW,2819995
WWW,2820015
WWW,2820079
WWW,2820113
WWW,2820030
WWW,2820044
WWW,2820100
WWW,2820086
WWW,2819968
WWW,2820006
WWW,2820122
WWW,2819963
WWW,2820128
WWW,2820043
WWW,2820103
WWW,2820104
WWW,2820123
WWW,2820133
WWW,2819971
WWW,2820075
WWW,2819978
WSDM,2827206
WSDM,2827207
CVPR,2899092
CVPR,2899063
CVPR,2898810
CVPR,2899067
CVPR,2898766
CVPR,2898855
CVPR,2898946
CVPR,2898776
CVPR,2898935
CVPR,2898925
CVPR,2899056
CVPR,2898793
CVPR,2898939
CVPR,2898957
CVPR,2898874
CVPR,2899044
CVPR,2898978
CVPR,2898829
CVPR,2899077
CVPR,2898917
CVPR,2898981
CVPR,2898934
CVPR,2899035
CVPR,2899081
CVPR,2898879
CVPR,2898893
CVPR,2898792
CVPR,2898911
CVPR,2898859
CVPR,2898870
CVPR,2898781
CVPR,2898831
CVPR,2898997
CVPR,2899024
CVPR,2898938
CVPR,2899001
CVPR,2898961
CVPR,2898806
CVPR,2898924
CVPR,2899010
CVPR,2898920
CVPR,2898795
CVPR,2898796
CVPR,2898933
CVPR,2898817
CVPR,2899076
CVPR,2898845
CVPR,2899023
CVPR,2898882
CVPR,2898947
CVPR,2898832
CVPR,2898856
CVPR,2899082
CVPR,2898860
CVPR,2899091
CVPR,2898960
CVPR,2898805
CVPR,2899055
CVPR,2898973
CVPR,2898903
CVPR,2898818
CVPR,2898752
CVPR,2899064
CVPR,2898881
CVPR,2898823
CVPR,2899009
CVPR,2898894
CVPR,2898919
CVPR,2898912
CVPR,2898863
CVPR,2898988
CVPR,2898926
CVPR,2898962
CVPR,2899068
CVPR,2898768
CVPR,2898876
CVPR,2898848
CVPR,2899002
CVPR,2899017
CVPR,2898983
CVPR,2898871
CVPR,2898937
CVPR,2898836
CVPR,2898899
CVPR,2898968
CVPR,2898857
CVPR,2898787
CVPR,2899033
CVPR,2899042
CVPR,2898853
CVPR,2898800
CVPR,2898948
CVPR,2898941
CVPR,2898790
CVPR,2898987
CVPR,2898866
CVPR,2898827
CVPR,2898809
CVPR,2898782
CVPR,2898998
CVPR,2898959
CVPR,2899098
CVPR,2898976
CVPR,2899026
CVPR,2899075
CVPR,2898756
CVPR,2899041
CVPR,2898980
CVPR,2898873
CVPR,2898914
CVPR,2899069
CVPR,2899058
CVPR,2898815
CVPR,2899094
CVPR,2898884
CVPR,2898971
CVPR,2898902
CVPR,2898905
CVPR,2898954
CVPR,2898891
CVPR,2898932
CVPR,2898760
CVPR,2899018
CVPR,2898833
CVPR,2899051
CVPR,2898767
CVPR,2899087
CVPR,2898950
CVPR,2898923
CVPR,2899019
CVPR,2898995
CVPR,2898967
CVPR,2898812
CVPR,2898887
CVPR,2898865
CVPR,2898779
CVPR,2898872
CVPR,2899097
CVPR,2898794
CVPR,2899008
CVPR,2898990
CVPR,2898858
CVPR,2898797
CVPR,2899028
CVPR,2898854
CVPR,2899057
CVPR,2898808
CVPR,2899025
CVPR,2898972
CVPR,2899013
CVPR,2898847
CVPR,2898830
CVPR,2898757
CVPR,2899031
CVPR,2898770
CVPR,2899052
CVPR,2898931
CVPR,2898883
CVPR,2898913
CVPR,2898755
CVPR,2899040
CVPR,2898761
CVPR,2899070
CVPR,2898780
CVPR,2898825
CVPR,2898821
CVPR,2898878
CVPR,2898816
CVPR,2899047
CVPR,2899088
CVPR,2898851
CVPR,2898949
CVPR,2899034
CVPR,2898974
CVPR,2898953
CVPR,2899093
CVPR,2898977
CVPR,2898802
CVPR,2899027
CVPR,2899007
CVPR,2898907
CVPR,2898969
CVPR,2899032
CVPR,2898824
CVPR,2898850
CVPR,2898861
CVPR,2898892
CVPR,2899014
CVPR,2898989
CVPR,2898785
CVPR,2899080
CVPR,2898799
CVPR,2898838
CVPR,2898811
CVPR,2898807
CVPR,2898996
CVPR,2898769
CVPR,2898897
CVPR,2898888
CVPR,2898841
CVPR,2898835
CVPR,2899099
CVPR,2899074
CVPR,2898929
CVPR,2898813
CVPR,2898814
CVPR,2898778
CVPR,2898943
CVPR,2898777
CVPR,2898906
CVPR,2898828
CVPR,2898982
CVPR,2899085
CVPR,2898916
CVPR,2898852
CVPR,2899049
CVPR,2899039
CVPR,2898875
CVPR,2898762
CVPR,2898956
CVPR,2899048
CVPR,2898900
CVPR,2898952
CVPR,2898758
CVPR,2898992
CVPR,2899045
CVPR,2899060
CVPR,2899073
CVPR,2898788
CVPR,2899020
CVPR,2899096
CVPR,2898942
CVPR,2898763
CVPR,2898754
CVPR,2898885
CVPR,2898842
CVPR,2898772
CVPR,2898965
CVPR,2898864
CVPR,2898944
CVPR,2899015
CVPR,2899038
CVPR,2898979
CVPR,2898951
CVPR,2898889
CVPR,2899095
CVPR,2898844
CVPR,2898930
CVPR,2899086
CVPR,2899021
CVPR,2898908
CVPR,2898955
CVPR,2899006
CVPR,2899016
CVPR,2899059
CVPR,2899030
CVPR,2898991
CVPR,2899054
CVPR,2898849
CVPR,2898867
CVPR,2898791
CVPR,2898786
CVPR,2899050
CVPR,2898753
CVPR,2898904
CVPR,2899005
CVPR,2898890
CVPR,2899065
CVPR,2898918
CVPR,2898877
CVPR,2898886
CVPR,2899037
CVPR,2899090
CVPR,2899022
CVPR,2898895
CVPR,2898915
CVPR,2899061
CVPR,2899072
CVPR,2898966
CVPR,2898764
CVPR,2898759
CVPR,2899083
CVPR,2898771
CVPR,2899078
CVPR,2899012
CVPR,2898765
CVPR,2898985
CVPR,2898801
CVPR,2898826
CVPR,2898774
CVPR,2898843
CVPR,2898783
CVPR,2898999
CVPR,2899003
CVPR,2898994
CVPR,2898940
CVPR,2899029
CVPR,2898822
CVPR,2898804
CVPR,2898819
CVPR,2899071
CVPR,2898868
CVPR,2899062
CVPR,2898840
CVPR,2898970
CVPR,2898975
CVPR,2898927
CVPR,2898963
CVPR,2898839
CVPR,2898837
CVPR,2898958
CVPR,2898862
CVPR,2898984
CVPR,2898945
CVPR,2898910
CVPR,2899053
CVPR,2898784
CVPR,2899046
CVPR,2898789
CVPR,2898922
CVPR,2898993
CVPR,2898928
CVPR,2899066
CVPR,2899043
CVPR,2898909
CVPR,2899089
CVPR,2899084
CVPR,2898936
CVPR,2899079
CVPR,2899004
CVPR,2898986
CVPR,2898898
CVPR,2898773
CVPR,2898798
CVPR,2898820
CVPR,2898901
CVPR,2898803
CVPR,2898869
CVPR,2898964
CVPR,2898896
CVPR,2899000
CVPR,2898846
CVPR,2898834
CVPR,2899036
CVPR,2899011
CVPR,2898775
CVPR,2898921
CVPR,2898880
CVPR,2899103
CVPR,2899142
CVPR,2899128
CVPR,2899147
CVPR,2899203
CVPR,2899132
CVPR,2899186
CVPR,2899146
CVPR,2899168
CVPR,2899106
CVPR,2899117
CVPR,2899153
CVPR,2899170
CVPR,2899139
CVPR,2899163
CVPR,2899192
CVPR,2899131
CVPR,2899185
CVPR,2899195
CVPR,2899140
CVPR,2899209
CVPR,2899127
CVPR,2899145
CVPR,2899104
CVPR,2899118
CVPR,2899205
CVPR,2899116
CVPR,2899196
CVPR,2899154
CVPR,2899123
CVPR,2899171
CVPR,2899105
CVPR,2899112
CVPR,2899159
CVPR,2899184
CVPR,2899134
CVPR,2899210
CVPR,2899152
CVPR,2899183
CVPR,2899206
CVPR,2899161
CVPR,2899141
CVPR,2899111
CVPR,2899190
CVPR,2899207
CVPR,2899115
CVPR,2899193
CVPR,2899133
CVPR,2899172
CVPR,2899165
CVPR,2899211
CVPR,2899164
CVPR,2899200
CVPR,2899151
CVPR,2899150
CVPR,2899182
CVPR,2899157
CVPR,2899121
CVPR,2899191
CVPR,2899173
CVPR,2899114
CVPR,2899110
CVPR,2899199
CVPR,2899188
CVPR,2899160
CVPR,2899181
CVPR,2899124
CVPR,2899208
CVPR,2899194
CVPR,2899135
CVPR,2899177
CVPR,2899202
CVPR,2899122
CVPR,2899174
CVPR,2899149
CVPR,2899158
CVPR,2899109
CVPR,2899178
CVPR,2899136
CVPR,2899189
CVPR,2899167
CVPR,2899113
CVPR,2899175
CVPR,2899144
CVPR,2899179
CVPR,2899166
CVPR,2899137
CVPR,2899100
CVPR,2899204
CVPR,2899126
CVPR,2899197
CVPR,2899201
CVPR,2899155
CVPR,2899101
CVPR,2899119
CVPR,2899108
CVPR,2899130
CVPR,2899156
CVPR,2899143
CVPR,2899148
CVPR,2899138
CVPR,2899176
CVPR,2899198
CVPR,2899125
CVPR,2899120
CVPR,2899180
CVPR,2899107
CVPR,2899129
CVPR,2899162
CVPR,2899169
CVPR,2899102
CVPR,2899187
